Time (relative),Trial 1 (test),Trial 2 (2cm),Trial 3 (2cm),Trial 4 (1cm),Trial 5 (0cm),Trial 6 (2cm),Trial 7 (2cm),Trial 8 (2cm),Corrected,Trial 1,Trial 7,Trial 2,Trial 3,Trial 4,Trial 5,Trial 6,Trial 8,AVG
0,11.98577339,12.01315729,12.01315729,11.93750402,10.5694007,5.595108499,6.819269308,11.879832,,11.97553189,6.834396785,11.99393691,11.92645184,12.01847693,11.22092614,5.460155421,11.47246139,10.36279216
0.02,8.077774506,12.01315729,8.405773711,5.060162189,10.5694007,12.03072989,3.414340928,11.879832,,8.067533009,3.429468405,11.99393691,8.319068259,5.141135104,11.22092614,11.89577681,11.47246139,8.942538253
0.04,7.249548684,11.05609634,8.276938583,8.146070253,10.5694007,9.00003688,11.56162902,11.879832,,7.239307187,11.57675649,11.03687596,8.190233131,8.227043168,11.22092614,8.865083801,11.47246139,9.728585908
0.06,3.899835358,6.694107012,12.01315729,7.71048482,9.532584672,7.987760875,7.524795008,11.879832,,3.889593861,7.539922485,6.674886627,11.92645184,7.791457735,10.18411011,7.852807796,11.47246139,8.416461481
0.08,6.887583325,6.00698633,9.503939801,7.121524236,7.814782967,7.036834931,4.359131865,3.677328859,,6.877341828,4.374259343,5.987765944,9.417234349,7.20249715,8.466308405,6.901881852,3.269958246,6.56215589
0.1,4.887571339,7.313742627,7.430307743,6.47121359,7.084717242,5.852778755,2.788570306,4.781629956,,4.877329842,2.803697783,7.294522242,7.343602291,6.552186505,7.73624268,5.717825676,4.374259343,5.837458295
0.12,3.813945273,5.36281069,9.056084357,5.919063042,5.980416146,4.877312787,1.469543997,4.757089931,,3.803703776,1.484671474,5.343590305,8.969378905,6.000035957,6.631941584,4.742359708,4.349719318,5.165675128
0.14,4.709656162,4.411884746,4.9701703,5.348507476,4.968140141,4.202462117,1.782429307,4.0208892,,4.699414665,1.797556785,4.392664361,4.883464848,5.42948039,5.619665579,4.067509038,3.613518587,4.312909282
0.16,3.255659719,4.638879971,3.7615741,4.710466842,3.882244063,3.527611447,1.346843875,3.701868884,,3.245418222,1.361971352,4.619659586,3.674868648,4.791439757,4.533769501,3.392658368,3.294498271,3.614285463
0.18,3.685110145,3.896544234,3.258503601,4.072426209,2.912913101,2.975460899,0.7578832903,3.376713561,,3.674868648,0.7730107674,3.877323849,3.171798149,4.153399123,3.564438539,2.84050782,2.969342948,3.12808623
0.2,4.047075505,2.951753296,2.528437876,3.495735636,2.084687278,2.42331035,0.6106431441,3.088368275,,4.036834008,0.6257706212,2.932532911,2.441732424,3.576708551,2.736212716,2.288357272,2.680997662,2.664893271
0.22,3.519464981,2.473222821,2.276902626,2.968125112,1.348486547,1.932509863,0.4388629736,2.634377824,,3.509223484,0.4539904507,2.454002436,2.190197174,3.049098027,2.000011986,1.797556785,2.227007211,2.210135944
0.24,2.636024104,2.325982675,1.896532249,2.434379582,0.7349859383,1.521464455,0.1566526934,2.07609227,,2.625782607,0.1717801705,2.30676229,1.809826797,2.515352497,1.386511376,1.386511376,1.668721657,1.733906096
0.26,2.863019329,1.644996999,1.319841676,1.974254126,0.4098306155,1.110419047,0.09530263247,1.646641843,,2.852777832,0.1104301096,1.625776614,1.233136224,2.05522704,1.061356054,0.9754659684,1.23927123,1.394180134
0.28,2.875289341,1.289166646,1.092846451,1.557073712,0.04173025008,0.8834238217,0.1382476751,1.254001454,,2.865047844,0.1533751523,1.269946261,1.006140999,1.638046626,0.6932556882,0.7484707431,0.8466308405,1.152614269
0.3,2.366083836,1.062171421,0.7615561221,1.201243358,-0.2159400057,0.6380235781,0.2732178091,0.8736310759,,2.355842339,0.2883452863,1.042951035,0.67485067,1.282216273,0.4355854324,0.5030704994,0.4662604629,0.8811402498
0.32,1.991848464,0.8965262561,0.6143159759,0.9619781207,-0.2711550605,0.5582684989,0.3100278456,0.8429560455,,1.981606967,0.3251553228,0.877305871,0.5276105238,1.042951035,0.3803703776,0.4233154203,0.4355854324,0.7492376188
0.34,2.102278574,0.5591009211,0.4609408236,0.6490928101,-0.3079650971,0.4785134198,0.3284328639,0.6957158993,,2.092037077,0.3435603411,0.539880536,0.3742353715,0.7300657248,0.3435603411,0.3435603411,0.2883452863,0.6319056273
0.36,1.85687833,0.3995907627,0.4486708115,0.3791525421,-0.4061251945,0.3128682553,0.2118677482,0.6343658384,,1.846636833,0.2269952254,0.3803703776,0.3619653593,0.4601254568,0.2454002436,0.1779151766,0.2269952254,0.4908004873
0.38,1.46423794,0.417995781,0.3750507384,0.3178024812,-0.4429352311,0.2085731518,0.03395257157,0.6589058628,,1.453996443,0.04908004873,0.3987753959,0.2883452863,0.3987753959,0.2085902071,0.07362007309,0.2515352497,0.3903397625
0.4,1.445832922,0.3382407018,0.3259706897,0.2503174142,-0.5349603224,0.159493103,0.04008757766,0.5730157775,,1.435591425,0.05521505482,0.3190203167,0.2392652375,0.3312903289,0.1165651157,0.02454002436,0.1656451644,0.3358915835
0.42,1.316997794,0.4118607749,0.21554058,0.1951023594,-0.571770359,0.153358097,-0.008992471067,0.4441806496,,1.306756297,0.006135006091,0.3926403898,0.1288351279,0.2760752741,0.07975507918,0.01840501827,0.03681003654,0.2806765286
0.44,1.132947612,0.3873207506,0.1112454765,0.170562335,-0.5410953285,0.1472230909,-0.2114476721,0.4380456435,,1.122706115,-0.1963201949,0.3681003654,0.02454002436,0.2515352497,0.1104301096,0.01227001218,0.03067503045,0.2154920889
0.46,1.096137575,0.08670545212,0.07443543994,0.07240223757,-0.504285292,0.1410880848,0.1505176873,0.4135056191,,1.085896078,0.1656451644,0.067485067,-0.01227001218,0.1533751523,0.1472401462,0.00613500609,0.006135006091,0.202455201
0.48,0.9182223984,0.02535539121,0.06830043385,-0.0134878477,-0.5472303346,0.1410880848,-0.03966750152,0.407370613,,0.9079809014,-0.02454002436,0.006135006091,-0.01840501827,0.067485067,0.1042951035,0.00613500609,0,0.1311357552
0.5,0.8200623009,0.08670545212,0.06830043385,-0.0809729147,-0.6024453894,0.1472230909,-0.09488255634,0.401235607,,0.809820804,-0.07975507918,0.067485067,-0.01840501827,0,0.04908004872,0.01227001218,-0.006135006091,0.1042951035
0.52,0.7771172583,0.00695037294,0.06830043385,-0.06870290252,-0.6269854138,0.1472230909,0.0768976142,0.401235607,,0.7668757613,0.09202509136,-0.01227001218,-0.01840501827,0.01227001218,0.02454002436,0.01227001218,-0.006135006091,0.1088963581
0.54,0.6360121182,0.02535539121,0.08057044603,-0.0809729147,-0.6760654625,0.1410880848,-0.08261254416,0.407370613,,0.6257706212,-0.067485067,0.006135006091,-0.006135006091,0,-0.02454002436,0.00613500609,0,0.067485067
0.56,0.5746620573,0.0314903973,0.08057044603,-0.0809729147,-0.6147154016,0.1410880848,-0.02126248325,0.407370613,,0.5644205603,-0.006135006091,0.01227001218,-0.006135006091,0,0.03681003654,0.00613500609,0,0.07592070037
0.58,0.5194470025,0.04376040948,0.08057044603,-0.0809729147,-0.6085803955,0.159493103,0.02168255939,0.407370613,,0.5092055055,0.03681003654,0.02454002436,-0.006135006091,0,0.04294504264,0.02454002436,0,0.07898820342
0.6,0.4458269294,0.00695037294,0.07443543994,-0.07483790861,-0.6147154016,0.153358097,-0.07034253197,0.401235607,,0.4355854324,-0.05521505482,-0.01227001218,-0.01227001218,0.006135006091,0.03681003654,0.01840501827,-0.006135006091,0.05138067601
0.62,0.3844768685,0.01922038512,0.07443543994,-0.07483790861,-0.6269854138,0.153358097,-0.002857464977,0.407370613,,0.3742353715,0.01227001218,0,-0.01227001218,0.006135006091,0.02454002436,0.01840501827,0,0.05291442753
0.64,0.3169918015,0.0314903973,0.08057044603,-0.0809729147,-0.6269854138,0.1472230909,-0.02126248325,0.407370613,,0.3067503045,-0.006135006091,0.01227001218,-0.006135006091,0,0.02454002436,0.01227001218,0,0.04294504263
0.66,0.3108567954,0.01308537903,0.08057044603,-0.0809729147,-0.6208504077,0.1472230909,-0.03353249543,0.4196406252,,0.3006152984,-0.01840501827,-0.006135006091,-0.006135006091,0,0.03067503045,0.01227001218,0.01227001218,0.04064441535
0.68,0.2617767467,0.01922038512,0.08670545212,-0.07483790861,-0.6269854138,0.1472230909,-0.002857464977,0.4135056191,,0.2515352497,0.01227001218,0,0,0.006135006091,0.02454002436,0.01227001218,0.006135006091,0.03911066383
0.7,0.2311017162,0.02535539121,0.08057044603,-0.06870290252,-0.6085803955,0.159493103,-0.04580250761,0.401235607,,0.2208602193,-0.03067503045,0.006135006091,-0.006135006091,0.01227001218,0.04294504264,0.02454002436,-0.006135006091,0.03297565774
0.72,0.2311017162,0.00695037294,0.08057044603,-0.06870290252,-0.6147154016,0.153358097,-0.02126248325,0.401235607,,0.2208602193,-0.006135006091,-0.01227001218,-0.006135006091,0.01227001218,0.03681003654,0.01840501827,-0.006135006091,0.03220878198
0.74,0.2433717284,0.00695037294,0.08057044603,-0.0809729147,-0.6147154016,0.1410880848,-0.008992471067,0.407370613,,0.2331302314,0.006135006091,-0.01227001218,-0.006135006091,0,0.03681003654,0.00613500609,0,0.03297565774
0.76,0.2249667101,0.02535539121,0.08670545212,-0.0809729147,-0.6024453894,0.1410880848,-0.03353249543,0.4135056191,,0.2147252132,-0.01840501827,0.006135006091,0,0,0.04908004872,0.00613500609,0.006135006091,0.03297565774
0.78,0.1820216675,0.01922038512,0.08057044603,-0.08710792079,-0.6024453894,0.1472230909,-0.01512747716,0.4135056191,,0.1717801705,0,0,-0.006135006091,-0.006135006091,0.04908004872,0.01227001218,0.006135006091,0.02837440317
0.8,0.1206716066,0.01922038512,0.08057044603,-0.0809729147,-0.6085803955,0.153358097,-0.03353249543,0.3951006009,,0.1104301096,-0.01840501827,0,-0.006135006091,0,0.04294504264,0.01840501827,-0.01227001218,0.01687126675
0.82,0.09613158223,0.02535539121,0.07443543994,-0.07483790861,-0.6269854138,0.159493103,-0.03353249543,0.3951006009,,0.08589008527,-0.01840501827,0.006135006091,-0.01227001218,0.006135006091,0.02454002436,0.02454002436,-0.01227001218,0.01303688794
0.84,0.05318653959,0.00695037294,0.07443543994,-0.07483790861,-0.6147154016,0.1472230909,-0.02739748934,0.401235607,,0.04294504263,-0.01227001218,-0.01227001218,-0.01227001218,0.006135006091,0.03681003654,0.01227001218,-0.006135006091,0.006901881852
0.86,0.04091652741,0.01922038512,0.09284045821,-0.0809729147,-0.6024453894,0.1349530787,-0.02126248325,0.407370613,,0.03067503045,-0.006135006091,0,0.006135006091,0,0.04908004872,0,0,0.009969384897
0.88,0.02864651523,0.02535539121,0.08057044603,-0.09324292688,-0.6024453894,0.1472230909,-0.02739748934,0.401235607,,0.01840501827,-0.01227001218,0.006135006091,-0.006135006091,-0.01227001218,0.04908004872,0.01227001218,-0.006135006091,0.006135006091
0.9,0.01024149696,0.02535539121,0.08057044603,-0.0809729147,-0.6147154016,0.1472230909,-0.01512747716,0.401235607,,0,0,0.006135006091,-0.006135006091,0,0.03681003654,0.01227001218,-0.006135006091,0.005368130329
0.92,0.01024149696,0.01922038512,0.07443543994,-0.0809729147,-0.6269854138,0.1472230909,-0.03353249543,0.407370613,,0,-0.01840501827,0,-0.01227001218,0,0.02454002436,0.01227001218,0,0.0007668757613
0.94,0.01024149696,0.01922038512,0.07443543994,-0.06870290252,-0.6208504077,0.153358097,-0.01512747716,0.401235607,,0,0,0,-0.01227001218,0.01227001218,0.03067503045,0.01840501827,-0.006135006091,0.005368130329
0.96,0.01024149696,0.02535539121,0.09284045821,-0.0809729147,-0.6208504077,0.1410880848,-0.02126248325,0.4135056191,,0,-0.006135006091,0.006135006091,0.006135006091,0,0.03067503045,0.00613500609,0.006135006091,0.006135006091
0.98,0.01637650305,0.01922038512,0.08670545212,-0.0809729147,-0.6269854138,0.1472230909,-0.02126248325,0.401235607,,0.006135006091,-0.006135006091,0,0,0,0.02454002436,0.01227001218,-0.006135006091,0.003834378807
1,0.01024149696,0.01922038512,0.07443543994,-0.07483790861,-0.6331204199,0.1472230909,-0.02739748934,0.3889655948,,0,-0.01227001218,0,-0.01227001218,0.006135006091,0.01840501827,0.01227001218,-0.01840501827,-0.0007668757614
1.02,0.01637650305,0.01922038512,0.07443543994,-0.06870290252,-0.639255426,0.153358097,-0.02739748934,0.3951006009,,0.006135006091,-0.01227001218,0,-0.01227001218,0.01227001218,0.01227001218,0.01840501827,-0.01227001218,0.001533751523
1.04,0.004106490867,0.01922038512,0.07443543994,-0.0809729147,-0.6453904321,0.1472230909,-0.02739748934,0.3951006009,,-0.006135006091,-0.01227001218,0,-0.01227001218,0,0.006135006091,0.01227001218,-0.01227001218,-0.003067503045
1.06,0.01024149696,0.01922038512,0.08670545212,-0.0809729147,-0.6515254382,0.1349530787,-0.01512747716,0.407370613,,0,0,0,0,0,0,0,0,0
,,,,,,,,,,Outlier (testing),Outlier,,,,,,,
,,,,,,,,,Impulse (N*sec),1.922588209,0.8893304829,1.765777453,1.777679365,1.704304692,1.826391313,1.417922608,1.564794653,1.608598597
,,,,,,,,,,,,,,,,,Average Impulse,1.676145014